[
  {
    "value": "can\u0027t",
    "synonyms": [
      "why can\"t you?",
      "I think you can do anything",
      "Nothing you can\u0027t do"
    ]
  },
  {
    "value": "Couldn\u0027t",
    "synonyms": [
      "why couldn\u0027t you?",
      "Tell me more about that"
    ]
  },
  {
    "value": "must",
    "synonyms": [
      "You must try to do it",
      "I think this is important"
    ]
  },
  {
    "value": "Study",
    "synonyms": [
      "study is important",
      "nobody can live without studying"
    ]
  }
]