[
  {
    "id": "457b689a-09de-4b05-96ae-731af9632e1c",
    "data": [
      {
        "text": "I need something for anxiety",
        "userDefined": false
      }
    ],
    "isTemplate": false,
    "count": 0,
    "lang": "en",
    "updated": 0
  },
  {
    "id": "3125faba-007e-4cfd-ad77-0ec138fa3d20",
    "data": [
      {
        "text": "Anxious",
        "userDefined": false
      }
    ],
    "isTemplate": false,
    "count": 0,
    "lang": "en",
    "updated": 0
  },
  {
    "id": "da24788f-6028-424b-9d9c-46131bb5dde3",
    "data": [
      {
        "text": "I\u0027m anxious",
        "userDefined": false
      }
    ],
    "isTemplate": false,
    "count": 0,
    "lang": "en",
    "updated": 0
  },
  {
    "id": "610f247c-8cac-43ee-8ef0-75fd58b9c463",
    "data": [
      {
        "text": "I suffer from anxiety",
        "userDefined": false
      }
    ],
    "isTemplate": false,
    "count": 0,
    "lang": "en",
    "updated": 0
  }
]