[
  {
    "id": "dc7c5bd2-d29d-4f5f-b28d-2f2fed5e3805",
    "data": [
      {
        "text": "Ava",
        "meta": "@sys.person",
        "alias": "person",
        "userDefined": false
      }
    ],
    "isTemplate": false,
    "count": 0,
    "lang": "en",
    "updated": 0
  },
  {
    "id": "98ee2175-4164-4d20-a151-003240773d7b",
    "data": [
      {
        "text": "Hi ",
        "userDefined": false
      },
      {
        "text": "ava",
        "meta": "@sys.person",
        "alias": "person",
        "userDefined": false
      }
    ],
    "isTemplate": false,
    "count": 1,
    "lang": "en",
    "updated": 0
  }
]