[
  {
    "id": "9812978a-f708-40f6-9f1c-c863f6fe40bb",
    "data": [
      {
        "text": "stress",
        "userDefined": false
      }
    ],
    "isTemplate": false,
    "count": 0,
    "lang": "en",
    "updated": 0
  },
  {
    "id": "ce148b43-024d-4479-828f-a92e6510546e",
    "data": [
      {
        "text": "i have stress",
        "userDefined": false
      }
    ],
    "isTemplate": false,
    "count": 0,
    "lang": "en",
    "updated": 0
  },
  {
    "id": "8771bb47-4b0f-4f6f-90b3-a3a7e89ed21f",
    "data": [
      {
        "text": "I\u0027m stressd",
        "userDefined": false
      }
    ],
    "isTemplate": false,
    "count": 0,
    "lang": "en",
    "updated": 0
  }
]