[
  {
    "id": "773c186d-8321-41f5-8ee7-016678b1ea6e",
    "data": [
      {
        "text": "study is the worst",
        "userDefined": false
      }
    ],
    "isTemplate": false,
    "count": 0,
    "lang": "en",
    "updated": 0
  },
  {
    "id": "60c5ea93-dd31-4bcf-88a3-9dd9ae3cbf1c",
    "data": [
      {
        "text": "how to ",
        "userDefined": false
      },
      {
        "text": "study",
        "userDefined": false
      }
    ],
    "isTemplate": false,
    "count": 0,
    "lang": "en",
    "updated": 0
  },
  {
    "id": "5a1b4894-3d41-4fb5-b316-3c4ec7b0641b",
    "data": [
      {
        "text": "how to make studying easy",
        "userDefined": false
      }
    ],
    "isTemplate": false,
    "count": 0,
    "lang": "en",
    "updated": 0
  },
  {
    "id": "e09bcd39-1a6e-425b-91c7-2d3a5bb2bcd2",
    "data": [
      {
        "text": "i hate study",
        "userDefined": false
      }
    ],
    "isTemplate": false,
    "count": 0,
    "lang": "en",
    "updated": 0
  },
  {
    "id": "2b12566e-788c-4fdd-bd62-7ef0a47fa475",
    "data": [
      {
        "text": "Failed in studies",
        "userDefined": false
      }
    ],
    "isTemplate": false,
    "count": 0,
    "lang": "en",
    "updated": 0
  },
  {
    "id": "1e832919-2368-48f6-9dd8-6099aa886304",
    "data": [
      {
        "text": "I can\u0027t study",
        "userDefined": false
      }
    ],
    "isTemplate": false,
    "count": 0,
    "lang": "en",
    "updated": 0
  },
  {
    "id": "590bc96e-6f6a-48ec-83f1-63f18c901806",
    "data": [
      {
        "text": "I really want to study",
        "userDefined": false
      }
    ],
    "isTemplate": false,
    "count": 0,
    "lang": "en",
    "updated": 0
  },
  {
    "id": "f3de584f-7bfb-4d99-bf3c-47dab66e3240",
    "data": [
      {
        "text": "I\u0027m tired from study",
        "userDefined": false
      }
    ],
    "isTemplate": false,
    "count": 0,
    "lang": "en",
    "updated": 0
  }
]